id,name,email
1,Alice,alice@mail.com
2,Bob,bob@mail.com
3,Charlie,charlie@mail.com
4,Diana,diana@mail.com
5,Edward,edward@mail.com
6,Fiona,fiona@mail.com
7,George,george@mail.com
8,Hannah,hannah@mail.com
9,Ivan,ivan@mail.com
10,Julia,julia@mail.com
11,Kevin,kevin@mail.com
12,Laura,laura@mail.com
13,Mike,mike@mail.com
14,Nina,nina@mail.com
15,Oscar,oscar@mail.com
16,Paula,paula@mail.com
17,Quinn,quinn@mail.com
18,Rachel,rachel@mail.com
19,Steve,steve@mail.com
20,Tina,tina@mail.com
21,Umar,umar@mail.com
22,Vera,vera@mail.com
23,Walter,walter@mail.com
24,Xena,xena@mail.com
25,Yuna,yuna@mail.com
26,Zack,zack@mail.com
27,Amy,amy@mail.com
28,Brian,brian@mail.com
29,Cathy,cathy@mail.com
30,Derek,derek@mail.com
31,Eva,eva@mail.com
32,Frank,frank@mail.com
33,Grace,grace@mail.com
34,Henry,henry@mail.com
35,Iris,iris@mail.com
36,aaaaa,aaaa.mail
